; BALFIT Input File for 3x3 Tunnel Calibration
; I am a fish
; I am a shoe
;; DATA ORIGIN = 3x3 Tunnel

; header variables
FILE_TYPE,DATA_FOR_ITERATIVE_REGRESSION_ANALYSIS
BALANCE_NAME,StudentTunnel
DESCRIPTION,Data2017

; load and gage output symbols
,,,,N1,N2,S1,S2,RM,AF,rN1,rN2,rS1,rS2,rRM,rAF

; load and gage output units
,,,,lbs,lbs,lbs,lbs,in-lbs,lbs,microV/V,microV/V,microV/V,microV/V,microV/V,microV/V

; load capacities
,,,,200,200,200,200,60,50
; zero load-off averages
;,point id,series,orientation,,,,,,,rN1,rN2,rS1,rS2,rRM,rAF
,NZ-0001,A,0,,,,,,,-0.7618208918688,-1.0256539979434,0.4342961316017999,-0.7083612159456,0.03656548071,-0.8572480751104
,NZ-0002,A,90,,,,,,,-0.7435058899122,-1.0111030129051501,0.41571798087494993,-0.7226537286162,0.0344494179612,-0.852369100344
,NZ-0003,A,270,,,,,,,-0.7440937419645001,-1.01085054590385,0.4542989528083499,-0.6938698331046,0.036631218793949996,-0.85770180876
,NZ-0004,A,180,,,,,,,-0.7641230761548,-1.02546880005336,0.43368100261667986,-0.7098224404968001,0.03620488181904,-0.85762998710016
; data for analysis (series 1 = load series number and series 2 = natural zero series number)
;,point id,series 1,series 2,N1(indep.),N2(indep.),S1(indep.),S2(indep.),RM(indep.),AF(indep.),rN1(dep.),rN2(dep.),rS1(dep.),rS2(dep.),rRM(dep.),rAF(dep.)
,P-0001,1,A,0.0,0.0,0.0,0.0,0.0,0.0,-0.7057524114543463,-0.993317185095,-0.7242416783715,0.4664433582073847,1.2453885342398077,1.5545294723446155
,P-0002,1,A,0.0,0.0,0.0,0.0,0.0,10.60371322657855,-0.7221396342000002,-0.989732218634,-0.7117033141495789,0.45446259956,2.736058236370105,3.10806400896
,P-0003,1,A,0.0,0.0,0.0,0.0,0.0,19.19167341375986,-0.7334447137623872,-0.9882328239820646,-0.7024441401447096,0.44606060775948386,3.9470894349799357,4.367408415731613
,P-0004,1,A,0.0,0.0,0.0,0.0,0.0,30.643176659890553,-0.7458093941157143,-0.988034927595619,-0.690188716064095,0.43447647428533337,5.579195975166,6.0592004267093325
,P-0005,1,A,0.0,0.0,0.0,0.0,0.0,20.860218498583453,-0.7334869091970639,-0.9894130141506383,-0.7008587239082553,0.44456285599455325,4.190882176656767,4.619448811918979
,P-0006,1,A,0.0,0.0,0.0,0.0,0.0,10.444743071196875,-0.7198209287131765,-0.9910800964455883,-0.7116331129394118,0.4544602713416471,2.729168092861941,3.0990245911567063
,P-0007,1,A,0.0,0.0,0.0,0.0,0.0,-0.013914065820254225,-0.7053683284206488,-0.993038736961946,-0.724368897389027,0.466577385865946,1.256334429395189,1.5648666938153513
,P-0008,2,A,0.0,0.0,0.0,0.0,0.0,0.0,-0.7346465650033953,-0.9605772968631627,-0.7209651333227441,0.43159434662176743,1.179208924344,1.5046664596465116
,P-0009,2,A,23.399537502148156,0.0,0.0,0.0,0.0,0.0,-1.63881141076692,-0.9098366643804,-0.72981723320688,0.48125061239183997,1.01292108115176,1.6906966241011199
,P-0010,2,A,48.014023229291915,0.0,0.0,0.0,0.0,0.0,-2.5694483754688475,-0.8518695983575933,-0.7399002533215931,0.5428387802306441,0.9164493984572541,1.9683367435118646
,P-0011,2,A,100.6043703908072,0.0,0.0,0.0,0.0,0.0,-4.532171589005511,-0.6260438904146939,-0.7679919832482855,0.6633061506034286,0.9227632945834287,2.7754562188800005
,P-0012,2,A,50.450765234756396,0.0,0.0,0.0,0.0,0.0,-2.6830135664476,-0.8294795347321334,-0.7430949908945333,0.5527552815445335,0.9290828509775998,2.0422617926784
,P-0013,2,A,24.240916210167242,0.0,0.0,0.0,0.0,0.0,-1.678180449451846,-0.9069810296908848,-0.7321463407109999,0.49037981033815375,1.0272743124853847,1.7373604520455381
,P-0014,2,A,-0.031062744526966224,0.0,0.0,0.0,0.0,0.0,-0.7391477154143721,-0.9594106237392559,-0.7233178037951162,0.43448151416483727,1.177984518084,1.5161184975181397
,P-0015,3,A,0.0,0.0,0.0,0.0,0.0,0.0,-0.7119009993989304,-1.015801967340279,-0.7229013152200465,0.46644280254139536,1.1976008103179998,1.5113556712632559
,P-0016,3,A,0.0,24.287417973107715,0.0,0.0,0.0,0.0,-0.7175114394062927,-1.9057905453073172,-0.6725422954056586,0.46724884122321947,1.3657846954780974,1.6790418303828292
,P-0017,3,A,0.0,48.27157007355632,0.0,0.0,0.0,0.0,-0.7193852183815083,-2.785320222285738,-0.6347613726058032,0.4692396074470821,1.553724878241836,1.8669030383779672
,P-0018,3,A,0.0,101.31323817509208,0.0,0.0,0.0,0.0,-0.702487627303,-4.7618080323255,-0.5824927295936666,0.4753817837606667,2.0379989212935,2.3547351092053335
,P-0019,3,A,0.0,51.959124333435476,0.0,0.0,0.0,0.0,-0.7190967929365162,-2.9278165153424514,-0.639707770652516,0.46947990066038703,1.5911890232614836,1.909844077263484
,P-0020,3,A,0.0,23.983440294895722,0.0,0.0,0.0,0.0,-0.7177275107927309,-1.8955920373109998,-0.6809383871295,0.4674291289463076,1.366457044947923,1.6822582952123075
,P-0021,3,A,0.0,0.048528302085810715,0.0,0.0,0.0,0.0,-0.711774002228,-1.0249774444774444,-0.7259752708303333,0.46757882666888895,1.204581424651,1.5162371903857779
,P-0022,4,A,0.0,0.0,0.0,0.0,0.0,0.0,-0.704967558101122,-0.9898019668701951,-0.7276688628642438,0.46708264394224397,1.2139686517666828,1.5103733222587317
,P-0023,4,A,0.0,0.0,0.0,0.0,0.026836888999936526,0.0,-0.7067476847060816,-0.9907015807190206,-0.7262046332404898,0.46731231680032653,1.213786022016857,1.515161616768
,P-0024,4,A,0.0,0.0,0.0,0.0,10.823910902920437,0.0,-0.5181950386492363,-0.7884022739680364,-0.7373833635593454,0.46775148027752733,1.1827018018944,1.4235528771386183
,P-0025,4,A,0.0,0.0,0.0,0.0,20.906039737259757,0.0,-0.3412201086485455,-0.6011693322596364,-0.753316167830909,0.4633692756901818,1.1634036725880001,1.339532746397091
,P-0026,4,A,0.0,0.0,0.0,0.0,30.379655910109012,0.0,-0.1749345686172857,-0.4258139860987143,-0.7741502841762856,0.4569442423931429,1.1540516155740002,1.267130432352
,P-0027,4,A,0.0,0.0,0.0,0.0,21.244429820862578,0.0,-0.3320378003110909,-0.5976817125976364,-0.7607717808280908,0.4601596626092727,1.170987339294,1.3394030591127275
,P-0028,4,A,0.0,0.0,0.0,0.0,11.245530042784159,0.0,-0.5057069630856429,-0.7823614805989285,-0.7455539568805712,0.463558944282,1.189634486535,1.4142438518400002
,P-0029,5,A,0.0,0.0,0.0,0.0,0.0,0.0,-0.7081098849501081,-0.9604376943035675,-0.7800393366353512,0.46022587153621625,1.2077981548433514,1.4951398818058381
,P-0030,5,A,0.0,0.0,25.159964380275145,0.0,0.0,0.0,-0.7101637639856471,-0.9710109966517059,-1.6206488256568234,0.40298677173317654,1.227146628393529,1.5328898211444704
,P-0031,5,A,0.0,0.0,53.37737432755704,0.0,0.0,0.0,-0.7170209508798001,-0.97790258675244,-2.5809271838984396,0.34649926427808,1.26468924077628,1.5908426037158403
,P-0032,5,A,0.0,0.0,99.24151448981186,0.0,0.0,0.0,-0.7288984005125374,-0.9923008641269553,-4.153822607455163,0.266954215734806,1.3676823542028356,1.7259889760496716
,P-0033,5,A,0.0,0.0,49.73282275379483,0.0,0.0,0.0,-0.7159630680669321,-0.9770436359930097,-2.46304881440598,0.3549168228827185,1.2683776865971457,1.592897182223534
,P-0034,5,A,0.0,0.0,23.959826025498522,0.0,0.0,0.0,-0.7100073537476786,-0.9702055985776071,-1.587784520388857,0.4057765414671428,1.232083809099,1.5384039823680002
,P-0035,5,A,0.0,0.0,0.06594394835875961,0.0,0.0,0.0,-0.7072684605368437,-0.9608293055536876,-0.7786969161404061,0.46023729127612506,1.2100985194289062,1.499190990543
,P-0036,6,A,0.0,0.0,0.0,0.0,0.0,0.0,-0.7079688990430244,-0.9617420622016097,-0.7315680196576096,0.425609402406439,1.198963709822195,1.5025514617240976
,P-0037,6,A,0.0,0.0,0.0,24.76328576280422,0.0,0.0,-0.7345849869165,-0.9831134358548332,-0.7621843724299999,-0.472606348324,1.0255639602945,1.673789931434667
,P-0038,6,A,0.0,0.0,0.0,51.26943942562039,0.0,0.0,-0.7606542494858276,-1.0037024095387241,-0.7970909858783793,-1.4328773684362759,0.8661695728915862,1.891641845309793
,P-0039,6,A,0.0,0.0,0.0,99.55180011169,0.0,0.0,-0.8059411599444,-1.0342919002406767,-0.8822279587751999,-3.154512597096739,0.712991490098123,2.424798954266585
,P-0040,6,A,0.0,0.0,0.0,49.57694864085998,0.0,0.0,-0.757888168378909,-0.9993707090775681,-0.7985771365375227,-1.3847222500843637,0.9001573459492499,1.9086303509869094
,P-0041,6,A,0.0,0.0,0.0,25.07193368278879,0.0,0.0,-0.7358187497625763,-0.9813417288771864,-0.7634074346895253,-0.49912221596216955,1.0307370415252881,1.6900075183566103
,P-0042,6,A,0.0,0.0,0.0,0.06624979115524665,0.0,0.0,-0.70774087362792,-0.96298248392744,-0.731971281626,0.41240212896896006,1.1976227638927202,1.5043065427993598
,P-0043,7,A,0.0,0.0,0.0,0.0,0.0,0.0,-0.7918223960831999,-1.0073925310511997,-0.72817677478,0.4658471275061333,0.0226662973812,0.011325958758400003
,P-0044,7,A,0.0,0.0,0.0,0.0,0.0,-10.08531538015873,-0.7874932426632001,-0.9912070867024001,-0.7283575961739998,0.4700897070368001,0.0279352373652,0.011350501408000004
,P-0045,7,A,0.0,0.0,0.0,0.0,0.0,-20.534552749297053,-0.7830126493631999,-0.9747450546808,-0.7250433202670666,0.4693803837584001,0.032934687112799996,0.011354284992000002
,P-0046,7,A,0.0,0.0,0.0,0.0,0.0,-30.422646095823538,-0.7763589609954545,-0.9599550092596364,-0.7245513630093818,0.4722470408565818,0.0421298978256,0.011343550121890913
,P-0047,7,A,0.0,0.0,0.0,0.0,0.0,-20.203074537857145,-0.783036194091,-0.9746518139084,-0.7279388751127999,0.47230966393760004,0.0349677298476,0.011295433875200002
,P-0048,7,A,0.0,0.0,0.0,0.0,0.0,-10.184659075791384,-0.78784196339412,-0.99092255395752,-0.73007521221648,0.47133390601296005,0.03018949714836,0.011355071500800003
,P-0049,7,A,0.0,0.0,0.0,0.0,0.0,-0.16598813489040076,-0.7926260092227999,-1.0075760368689335,-0.7281349149949332,0.4660057841328,0.022274301469199998,0.011331404736000002
,P-0050,8,A,0.0,-0.0,0.0,0.0,0.0,0.0,-0.7065690105370346,-0.9783055325287241,-0.7242947497378965,0.4634497151913104,1.206491436311586,1.491843063379862
,P-0051,8,A,0.0,-27.961889585995127,0.0,0.0,0.0,0.0,-0.7444061153355601,0.07458013553544,-0.7691298682376398,0.4663919903256,1.1882316555291599,1.47979989861888
,P-0052,8,A,0.0,-51.038382714483696,0.0,0.0,0.0,0.0,-0.7685111964342353,0.9239616532591765,-0.8093574621171765,0.4738843656409412,1.1873377271075294,1.4814013222249414
,P-0053,8,A,0.0,-104.82336016815597,0.0,0.0,0.0,0.0,-0.8036685151601707,2.8766277802712197,-0.8954032544901219,0.4949002262423415,1.142269700140317,1.436434395116488
,P-0054,8,A,0.0,-52.64567432990956,0.0,0.0,0.0,0.0,-0.7679880636141355,0.9858696238130847,-0.8082378051685423,0.47810758679511867,1.166606905302915,1.4584585065892883
,P-0055,8,A,0.0,-27.3013173698964,0.0,0.0,0.0,0.0,-0.7421586170503562,0.06030956487624658,-0.7682842803853972,0.4721102706049316,1.1851745617013423,1.4744224235520003
,P-0056,8,A,0.0,-0.0,0.0,0.0,0.0,0.0,-0.7073988237470572,-0.9591003611799428,-0.7238162231296286,0.46396442387005715,1.2038225515865997,1.4905400240832003
,P-0057,9,A,0.0,0.0,0.0,0.0,-0.0,0.0,-0.707073622362,-0.9923056107149334,-0.7248134094118666,0.46697730313386665,1.2151142699124,1.5238112635093333
,P-0058,9,A,0.0,0.0,0.0,0.0,-10.160999739939472,0.0,-0.5265615990537001,-0.8158740030410999,-0.7085611918592999,0.45933770540880003,1.3305435640695,1.5477439199232002
,P-0059,9,A,0.0,0.0,0.0,0.0,-19.707512715498506,0.0,-0.3579451340468936,-0.6491462297087234,-0.6871578605895319,0.4563837806190639,1.4489365713675317,1.5787376790005108
,P-0060,9,A,0.0,0.0,0.0,0.0,-30.04451227321465,0.0,-0.1743173808375,-0.4712464907723333,-0.6621615894941667,0.45531670769000004,1.5703419974055,1.6065127283786667
,P-0061,9,A,0.0,0.0,0.0,0.0,-20.744123782749075,0.0,-0.3389722356684,-0.6286325860726667,-0.6810402363041334,0.4584074053397334,1.454021486676,1.5752247757312001
,P-0062,9,A,0.0,0.0,0.0,0.0,-10.586266300036616,0.0,-0.5182189069016667,-0.8040326828558889,-0.7021875729064445,0.4624689937884445,1.3327554792749998,1.5470139483946668
,P-0063,9,A,0.0,0.0,0.0,0.0,0.14715353445553725,0.0,-0.7080514917273001,-0.9925283184591002,-0.7244444703742999,0.468418486482,1.2127280742621,1.5188779327424
,P-0064,10,A,0.0,0.0,-0.0,0.0,0.0,0.0,-0.6915303119884866,-0.9555257554924864,-0.6837789633690811,0.4282141909835676,1.014450318411081,1.6982777997197838
,P-0065,10,A,0.0,0.0,-22.82850655669558,0.0,0.0,0.0,-0.6827623287381293,-0.9253716828961936,0.07363960975296774,0.45805556213341936,1.0818527648429033,1.7576174353981937
,P-0066,10,A,0.0,0.0,-50.779882792755,0.0,0.0,0.0,-0.6699235021376727,-0.8952076191931636,1.0021675600290545,0.4917035374909091,1.1784116561184,1.845568776192
,P-0067,10,A,0.0,0.0,-105.83388061651874,0.0,0.0,0.0,-0.6477287033318824,-0.8423119817975294,2.850942753493059,0.5446949669322353,1.4269278309601765,2.090289317455059
,P-0068,10,A,0.0,0.0,-54.21787724976539,0.0,0.0,0.0,-0.6696565832827385,-0.891727414775077,1.1286971759531998,0.4977175381728,1.2062936534402768,1.8711785449816616
,P-0069,10,A,0.0,0.0,-25.504646865873045,0.0,0.0,0.0,-0.6818920619850001,-0.9249836475227999,0.17297520818369996,0.46284847205940005,1.09890125361225,1.7707404317424003
,P-0070,10,A,0.0,0.0,-0.011434092199681833,0.0,0.0,0.0,-0.6904904316801429,-0.9556907355911143,-0.6732432080288571,0.42989061937885714,1.0181262679632,1.6970937490944
,P-0071,11,A,0.0,0.0,0.0,-0.0,0.0,0.0,-0.6881397286546046,-0.9588204934613024,-0.7068090804676744,0.46192954677934883,1.014418103688,1.6801510518385119
,P-0072,11,A,0.0,0.0,0.0,-23.856975792885457,0.0,0.0,-0.6564640649113637,-0.9365439492514092,-0.6697613904309545,1.2949090623070911,1.2634224313229998,1.6135606443883639
,P-0073,11,A,0.0,0.0,0.0,-51.99850367523014,0.0,0.0,-0.6152591398543549,-0.9150634559222902,-0.6247648131961936,2.278427693902065,1.5808532881743873,1.5726196588830967
,P-0074,11,A,0.0,0.0,0.0,-98.93912631650866,0.0,0.0,-0.5453683500642859,-0.882400670539857,-0.5356287437475,3.8932726503808577,2.1992204559599995,1.6278591226880004
,P-0075,11,A,0.0,0.0,0.0,-51.953013345236265,0.0,0.0,-0.616105762036875,-0.9138451594399999,-0.621678507009625,2.2881338649980005,1.600362915525,1.59462069422
,P-0076,11,A,0.0,0.0,0.0,-26.2578836286646,0.0,0.0,-0.6550211439722904,-0.9331734958061612,-0.6670967712202258,1.3940893090169038,1.293550922536258,1.619079866756129
,P-0077,11,A,0.0,0.0,0.0,0.14383499271886602,0.0,0.0,-0.6889366192136898,-0.9574346883009309,-0.7067592220824827,0.4672731634680001,1.010983017941069,1.6860543869528277
,P-0078,12,A,0.0,0.0,0.0,0.0,0.0,0.0,-0.7533843729066,-1.0168452806763,0.44162914560179994,-0.7134681969144001,0.0285661835118,-0.9089706753600001
,P-0079,12,A,49.64526569281998,0.0,0.0,0.0,0.0,0.0,0.19935966748679998,-0.1759418463276,0.41995123595879996,-0.6946958971608,0.48595413360780004,-0.18901119133440003
,P-0080,12,A,98.70486840722204,0.0,0.0,0.0,0.0,0.0,1.1151518763354,0.6752682898692,0.3995579690179999,-0.6717568730304001,0.8596924287533999,0.4204860930560001
,P-0081,12,A,53.69128837901955,0.0,0.0,0.0,0.0,0.0,0.2827446356556,-0.10130757518130001,0.41764027236749995,-0.6942878476164001,0.5299550688168,-0.12344737982399999
,P-0082,12,A,-0.12501947245428724,0.0,0.0,0.0,0.0,0.0,-0.7547419121868001,-1.0181717179689,0.44132636366519995,-0.7145650854480002,0.0298927724139,-0.9106804471776001
,P-0083,13,A,0.0,-0.0,0.0,0.0,0.0,0.0,-0.7422518156697001,-1.0632603953433,0.4419379504468499,-0.7145383602012,0.024686863274700002,0.011476676486400002
,P-0084,13,A,29.917119849955117,-26.394920984528685,0.0,0.0,0.0,0.0,0.24845859197135997,-2.19557963032116,0.43089553042068,-0.6752350069833601,0.30048043267836,0.011505598560000004
,P-0085,13,A,55.262602443935634,-51.09203673407945,0.0,0.0,0.0,0.0,1.1611002875899503,-3.14480793126,0.4212962001533999,-0.6400229850498002,0.50490196632315,0.011496946963200003
,P-0086,13,A,28.511264606039603,-24.733357041515603,0.0,0.0,0.0,0.0,0.1915208382069,-2.14559108271795,0.4298366127938999,-0.6746307669462001,0.28350361339740004,0.011561114462400003
,P-0087,13,A,-0.32208932889527153,0.05428382235182849,0.0,0.0,0.0,0.0,-0.7441178709879,-1.0537820262575999,0.44333384778929996,-0.7156303489572001,0.0180606414186,0.011508556905600003
,P-0088,14,A,-0.0,0.0,0.0,0.0,0.0,0.0,-0.7852138995654001,-1.0074270002208,0.4424031124395999,-0.7140659340168001,-0.014641985061,0.011482765971200003
,P-0089,14,A,-29.74636474530413,26.246551308966477,0.0,0.0,0.0,0.0,-1.92137699634705,0.006227580921900002,0.4749205462559999,-0.7064506111530002,-0.5643662310396,0.011508945691200005
,P-0090,14,A,-53.31181617292396,50.07711761961434,0.0,0.0,0.0,0.0,-2.80030732238115,0.89805650927685,0.5030268129529499,-0.6982935946284001,-0.9754590328362001,0.011505098054400004
,P-0091,14,A,-28.12726924256246,24.74331113427385,0.0,0.0,0.0,0.0,-1.8562345706239196,-0.054099002756639994,0.47277341471723994,-0.7079526567528001,-0.56268173052036,0.011499692593920002
,P-0092,14,A,-0.028061530659554634,0.020952466451239715,0.0,0.0,0.0,0.0,-0.7892439353735999,-1.0005044360334,0.44232504266859995,-0.7146881163600001,-0.023919695118000003,0.011572350515200005
,P-0093,15,A,-0.0,-0.0,0.0,0.0,0.0,0.0,-0.7904406025734,-1.0569537798414,0.4387329061426999,-0.7135839794936001,0.0401357376387,0.011391313468800002
,P-0094,15,A,-27.345181297572566,-23.785583915254573,0.0,0.0,0.0,0.0,-1.84670657645085,-1.8599612674224,0.4920550992785999,-0.6855489109722,1.1785243052781003,0.011430321624000003
,P-0095,15,A,-51.26673170589914,-49.191114090282156,0.0,0.0,0.0,0.0,-2.75423539371975,-2.7462702791796,0.5278250765502001,-0.6631365369336001,1.88510068487565,0.011470674888000002
,P-0096,15,A,-27.919291761829264,-23.366856809636403,0.0,0.0,0.0,0.0,-1.8677566616394,-1.8463447535504,0.4796973013846,-0.6808628653072001,1.062935864595,0.011417992204800003
,P-0097,15,A,-0.34687438737101206,0.4744588863808319,0.0,0.0,0.0,0.0,-0.8034658834528801,-1.04309616890736,0.43961134696751997,-0.7137949298212801,0.04540932567072,0.011497712021760004
,P-0098,16,A,0.0,0.0,0.0,0.0,0.0,0.0,-0.7431818562665999,-1.0307687870799,0.44042184533099993,-0.7141856388024002,0.021208461763499997,-0.8887424912832
,P-0099,16,A,24.15683118860341,0.0,0.0,0.0,14.542419504623437,0.0,-0.0676254991401,-1.3512604353516,0.44717496994949996,-0.6932063468880001,1.7869735180341,1.3228219496544003
,P-0100,16,A,51.37610510080391,0.0,0.0,0.0,30.687183495255404,0.0,0.6761394216738,-1.7005702402544998,0.4674815076047999,-0.6764634760044,3.6049731788268,3.6038038181567997
,P-0101,16,A,26.665595315219107,0.0,0.0,0.0,15.573913547290877,0.0,0.015237958375800003,-1.37693553291,0.45112772383379995,-0.6934509602376,1.8763865469162002,1.4428003188672
,P-0102,16,A,-0.01755669435687235,0.0,0.0,0.0,0.05897035290297564,0.0,-0.7455463216938001,-1.0342443270380999,0.44149049798099993,-0.7139804919096,0.0382024828152,-0.8722785293856
,P-0103,17,A,0.0,0.0,0.0,0.0,-0.0,0.0,-0.7628274245106,-1.0392244605519,0.44229715634909994,-0.7135138775052001,-0.0517550453145,-0.968497370448
,P-0104,17,A,24.32152817035782,0.0,0.0,0.0,-15.090257478065327,0.0,-0.0823343747274,-1.3598561666423998,0.39419652823979995,-0.7561017519312001,-2.5423843673646003,-3.8117827658880006
,P-0105,17,A,48.76976939403372,0.0,0.0,0.0,-31.127062909222644,0.0,0.5649486695523,-1.6965365339532,0.3377906894427,-0.7984825034591999,-5.0112310197213,-6.648952697904001
,P-0106,17,A,24.65892014698928,0.0,0.0,0.0,-14.513627486609478,0.0,-0.055507900011299995,-1.3504801591908,0.3915400992048,-0.7517589037968,-2.4285382622919003,-3.6835005618912002
,P-0107,17,A,0.20909759032156328,0.0,0.0,0.0,0.04100185358146746,0.0,-0.7482432632418,-1.0393482134523002,0.44234429332079994,-0.7135251970644001,-0.0473772384657,-0.9674478459552002
,P-0108,18,A,0.0,0.0,0.0,0.0,0.0,0.0,-0.7709742878724001,-1.012676504574,0.44016789053639993,-0.7113847721376001,0.0080518069368,-0.9076479284352001
,P-0109,18,A,0.0,28.86011048723203,0.0,0.0,14.783870247722204,0.0,-1.0550798909316,-0.2201858949603,0.43244927625509993,-0.6635821574004,1.5256331174205,0.8554302112800001
,P-0110,18,A,0.0,51.63383819116488,0.0,0.0,30.12084002704275,0.0,-1.3382437018977,0.3277283016189,0.4225904145254999,-0.605380962828,3.044978534664,2.6178660235584004
,P-0111,18,A,0.0,23.496468034126735,0.0,0.0,16.440539075138123,0.0,-1.0870662830724,-0.43421631272460004,0.42997314099479994,-0.6619920812160001,1.8349910157545999,1.2224649372288
,P-0112,18,A,0.0,0.17878972556746553,0.0,0.0,-0.00031658956576521846,0.0,-0.7707811930821,-1.0031700130797,0.43741264466639995,-0.7114572495048,0.014181356940299998,-0.8995702238688
,P-0113,19,A,0.0,0.0,0.0,0.0,-0.0,0.0,-0.7710576394284001,-1.0147450480704001,0.4401474475241999,-0.7106897190144001,-0.0538818625224,-0.9784727598720001
,P-0114,19,A,0.0,23.665593170948934,0.0,0.0,-14.368138141029368,0.0,-1.0422271704294,-0.387574270065,0.41304106858559986,-0.757679998908,-2.5797615033762,-4.0237809754944
,P-0115,19,A,0.0,53.22348762310844,0.0,0.0,-30.59317930198217,0.0,-1.3341855364299,0.40309908309239995,0.39372749256749995,-0.8204817180576,-5.1585806977353,-7.1503681366464
,P-0116,19,A,0.0,22.54012837570933,0.0,0.0,-14.315899200600947,0.0,-1.0434522594365998,-0.4194075136134,0.4146702854423999,-0.7604393247576,-2.520448417575,-3.9557522543424004
,P-0117,19,A,0.0,-0.10034490100882687,0.0,0.0,0.002152245386255719,0.0,-0.7719932695877999,-1.0136920131513,0.4400354938628999,-0.7116283214844,-0.0530589631374,-0.9781904032128
,P-0118,20,A,-0.0,0.0,0.0,0.0,0.0,0.0,-0.7867327133745,-1.0360996461821999,0.4344046244381999,-0.7118281215396001,0.0771307282944,-0.8154358045152
,P-0119,20,A,-27.191326932724156,0.0,0.0,0.0,16.38942825151206,0.0,-2.1411238357116,-1.2550398735605999,0.4670781024077999,-0.6976445976264001,3.0029238257832005,2.4334354478976
,P-0120,20,A,-57.601417356607186,0.0,0.0,0.0,27.33772702499273,0.0,-3.4960023768420005,-1.3915627252656,0.4974973582175999,-0.6974471759304001,4.976310875679001,4.5445442589312
,P-0121,20,A,-28.478119723260303,0.0,0.0,0.0,10.881055106353593,0.0,-2.0823723109494003,-1.1593016924229,0.4679213990177999,-0.7020689626812001,2.1740388825276,1.4656953129696
,P-0122,20,A,-0.49749678888091187,0.0,0.0,0.0,-0.011310001449064577,0.0,-0.8044706667852,-1.0345520913119999,0.4357929070715999,-0.7120101196656001,0.087751163412,-0.8063397498048
,P-0123,21,A,-0.0,0.0,0.0,0.0,-0.0,0.0,-0.8084393277066,-1.0350692897598002,0.43619988934859993,-0.7131814526304001,-0.0239067087138,-0.9382242266688
,P-0124,21,A,-27.21109592382273,0.0,0.0,0.0,-17.34605735292236,0.0,-2.1466948498073997,-1.2889482308438998,0.4630089324548999,-0.7719598642512,-2.1036530884248004,-3.6487255221792
,P-0125,21,A,-51.91688359782761,0.0,0.0,0.0,-30.21369550820975,0.0,-3.2951296164186004,-1.4820567386928,0.5357866371623999,-0.8079052586087999,-3.2836918971582,-5.2656606027456
,P-0126,21,A,-29.248729094415737,0.0,0.0,0.0,-12.826744336720944,0.0,-2.1435658306064997,-1.2034161866793,0.49071633237509993,-0.756108270066,-1.2787679546829,-2.6694941004288
,P-0127,21,A,0.0773615288542413,0.0,0.0,0.0,-0.033959560414849266,0.0,-0.8054230209156,-1.0378149343248002,0.43929633499439996,-0.7131243898920001,-0.037353054519,-0.9561544286592
,P-0128,22,A,0.0,-0.0,0.0,0.0,0.0,0.0,-0.7686401223456001,-1.0607782486289998,0.43999652455719995,-0.7155930015648,0.045021638296800004,-0.9040225578304001
,P-0129,22,A,0.0,-26.555782439732187,0.0,0.0,15.062685015185293,0.0,-1.0691862510319199,-2.27996948992236,0.43793519882111986,-0.6639159520670401,2.2614717267370796,1.6829742659980802
,P-0130,22,A,0.0,-52.458082665841054,0.0,0.0,27.61542275685762,0.0,-1.3177112295738,-3.4339707842947997,0.4301471718985999,-0.6507720494936001,3.7815091178832003,3.4550748372416002
,P-0131,22,A,0.0,-29.06688976571919,0.0,0.0,17.40635226087687,0.0,-1.1218109007244497,-2.40683164976415,0.43231818521579995,-0.6733113766506001,2.51412136313085,1.9862351332512
,P-0132,22,A,0.0,0.43500761444250724,0.0,0.0,0.047059787575522566,0.0,-0.770480277867,-1.04751792958485,0.43919512598714994,-0.7160422342764,0.0666759368781,-0.8737605890304001
,P-0133,23,A,0.0,-0.0,0.0,0.0,-0.0,0.0,-0.7769738827907999,-1.065721034583,0.43943094945749994,-0.7138044217992001,-0.0402480512082,-0.9541616566752
,P-0134,23,A,0.0,-28.072902747093284,0.0,0.0,-18.104923481496552,0.0,-1.1112502541076001,-2.4001787379978,0.40480700601899994,-0.7186974577344001,-2.6629535827620003,-4.1273414829504
,P-0135,23,A,0.0,-51.14053318210548,0.0,0.0,-31.884612022312687,0.0,-1.3605875442414002,-3.4837484069802,0.3825441364835999,-0.7081054260960001,-4.5720438250212,-6.446480352192
,P-0136,23,A,0.0,-27.678377915817897,0.0,0.0,-15.368533852970824,0.0,-1.0648218633948,-2.3350198860342,0.40832222042039995,-0.7088093131248,-2.2726531822103997,-3.6617246804351997
,P-0137,23,A,0.0,0.5074619374705098,0.0,0.0,0.05783898421052627,0.0,-0.775301879196,-1.0474590432636,0.4394147184569999,-0.7131533951448,-0.0267086967642,-0.9407784139968001
,P-0138,24,A,0.0,0.0,0.0,0.0,0.0,0.0,-0.7460697819861,-1.0312266209646,0.4475212581215999,-0.6837103811928001,0.031225574407499998,-0.9063216243456
,P-0139,24,A,24.520584942838575,0.0,24.074772123463116,0.0,0.0,0.0,0.1861478377164,-1.0887376438013998,0.4554376938695999,0.1704927579984,0.0484358110434,-0.7246264547904001
,P-0140,24,A,52.68665695982667,0.0,51.06682417126419,0.0,0.0,0.0,1.2078021957183,-1.1412779638749,0.46099147722029993,1.1486920206708,-0.0007018221474000001,-0.6099194194944
,P-0141,24,A,26.6548291847454,0.0,26.77907744415984,0.0,0.0,0.0,0.29658746890080007,-1.0908071348424,0.4542035476133999,0.2509826564016,0.042319822564800005,-0.7159617912192001
,P-0142,24,A,-0.12181525235102919,0.0,0.13577695156841085,0.0,0.0,0.0,-0.7361254137006,-1.0319747878782,0.44786837796479995,-0.687397517484,0.0299575047816,-0.9092411092608002
,P-0143,25,A,0.0,0.0,0.0,0.0,0.0,0.0,-0.7417725531660001,-1.026904244307,0.4780073159003999,-0.7126567293672001,0.0371279308752,-0.9048991695551999
,P-0144,25,A,24.49224683570964,0.0,0.0,23.689215007645018,0.0,0.0,0.16558377467580002,-1.0462763288208001,1.4026704947969997,-0.7214409218952,0.21365516266380002,-0.705885433728
,P-0145,25,A,52.530754257204784,0.0,0.0,50.51240586550284,0.0,0.0,1.1600500266828,-1.0551999462996,2.4434111984997,-0.7228474978320001,0.3169411487748,-0.5991063535104
,P-0146,25,A,26.049899076923076,0.0,0.0,24.36103683819357,0.0,0.0,0.1975976406342,-1.044542787036,1.4749663936565998,-0.7260071927352001,0.2340957330756,-0.6895758867456
,P-0147,25,A,-0.23373355436619736,0.0,0.0,0.1449347810923709,0.0,0.0,-0.7366824203112001,-1.0273253027343,0.4700072748500999,-0.7126448375712,0.0346069265355,-0.9056244826080001
,P-0148,26,A,0.0,0.0,-0.0,0.0,0.0,0.0,-0.7371639991296002,-1.0274236596516,0.4457412673427999,-0.7403939054184001,0.0312061663188,-0.9066249664896001
,P-0149,26,A,25.914414943647543,0.0,-28.79012274436417,0.0,0.0,0.0,0.2196275373747,-1.0579117027365001,0.4100319841761,-1.7154311842404002,0.2878786310598,-0.42422437006080005
,P-0150,26,A,48.30113194530264,0.0,-57.40229725204036,0.0,0.0,0.0,1.0435803665301002,-1.084638762522,0.39182836713929997,-2.6977644196740003,0.483183237834,-0.042925484764799994
,P-0151,26,A,27.953494992315573,0.0,-30.06024318662732,0.0,0.0,0.0,0.3010048509564,-1.0636752321570002,0.40942687638059994,-1.7642386915044002,0.32024773819170005,-0.3729081565248
,P-0152,26,A,-0.008436906998738891,0.0,0.05567480404764533,0.0,0.0,0.0,-0.7388935081434002,-1.0278734572854,0.4468848061625999,-0.7417420416720002,0.034052388004800004,-0.906398076576
,P-0153,27,A,0.0,0.0,0.0,-0.0,0.0,0.0,-0.7380929665305002,-1.0271293844796001,0.42445071969299997,-0.7170867005544,0.0282848511528,-0.9118331115744002
,P-0154,27,A,24.663867507172128,0.0,0.0,-27.59833890047108,0.0,0.0,0.2141513312022,-1.1040199112832,-0.5590757072471999,-0.733924035216,-0.23073145989299995,-0.876482231232
,P-0155,27,A,53.79405154066835,0.0,0.0,-56.153258656101386,0.0,0.0,1.3009046585382,-1.1782739041763999,-1.5690313450538997,-0.7612649462244,-0.4843117002834,-0.8043433223424
,P-0156,27,A,25.919691063288145,0.0,0.0,-27.317579922848935,0.0,0.0,0.269208754353,-1.1099477503008,-0.5620721377361999,-0.7300232757744001,-0.1872549811242,-0.8192903322048001
,P-0157,27,A,0.08209076694514517,0.0,0.0,0.014519884559884549,0.0,0.0,-0.7366391168526001,-1.0285747833149999,0.42554747030639994,-0.7162764490104,0.0262807492068,-0.9187749544320001
,P-0158,28,A,0.0,0.0,0.0,0.0,0.0,0.0,-0.763236473166,-1.004250330132,0.4482262111625999,-0.6874862499528,0.0152126854308,-0.9322793641536
,P-0159,28,A,0.0,31.403942603336944,30.09506251434426,0.0,0.0,0.0,-0.761784081246,0.09527715199740001,0.4668047240687999,0.4234424711832,0.048114375190199996,-0.8876443819968001
,P-0160,28,A,0.0,49.84742800511377,51.97684631864754,0.0,0.0,0.0,-0.7531871015952,0.8805142272462,0.4775489846399999,1.0775050921608003,0.0676172783484,-0.8624402069952
,P-0161,28,A,0.0,23.267106063965336,22.866823693726356,0.0,0.0,0.0,-0.7563018383460001,-0.1651606659906,0.46365807410519994,0.13965110789520002,0.0080960048136,-0.9377437412928
,P-0162,28,A,0.0,0.11760442829902495,-0.015504765684110744,0.0,0.0,0.0,-0.7639951959080999,-1.0017828346026,0.4481508778577999,-0.6825857123508001,0.0157654539009,-0.9316334527392001
,P-0163,29,A,0.0,0.0,0.0,0.0,0.0,0.0,-0.7642301274558001,-0.9997389987786001,0.4732080549767999,-0.7128616437888,0.016597015855199997,-0.9349573014912
,P-0164,29,A,0.0,26.435316032502712,0.0,26.894688760245902,0.0,0.0,-0.7665889407173999,-0.0014675271047999993,1.4952309989915997,-0.7243615291104001,0.30340304588879996,-0.7710664210176
,P-0165,29,A,0.0,51.39784155276275,0.0,50.24281817875157,0.0,0.0,-0.7615010079143999,0.858098790381,2.4482557720841998,-0.7273159877088001,0.5052942984672,-0.700070988672
,P-0166,29,A,0.0,26.214630098548213,0.0,25.503486286333544,0.0,0.0,-0.7637353483266,-0.0476574211473,1.5008059049997,-0.7294859007132001,0.276214074741,-0.8033270189088
,P-0167,29,A,0.0,0.16806238049837496,0.0,-0.029207225055170483,0.0,0.0,-0.7637758883055,-1.0006992369006,0.48122362055429996,-0.7140210581340002,0.0220434923214,-0.9277330036608
,P-0168,30,A,0.0,0.0,-0.0,0.0,0.0,0.0,-0.7666960814514,-0.9913525139406001,0.44413519419359987,-0.7379155836024002,0.027555979532399997,-0.9199031119296001
,P-0169,30,A,0.0,28.304822612704918,-30.472096685651255,0.0,0.0,0.0,-0.8586480692160001,0.0536734363926,0.41004800055179996,-1.7616723882804002,0.6470641286307,-0.188410772304
,P-0170,30,A,0.0,48.60435055044136,-50.88615592758905,0.0,0.0,0.0,-0.9005886314991,0.7855363255026,0.39308051505059993,-2.458808033196,0.9961561685196,0.22172702222400004
,P-0171,30,A,0.0,25.317084840006302,-27.899887611503246,0.0,0.0,0.0,-0.8547287037642,-0.0419541233826,0.41299742820959995,-1.6818543763512002,0.6026853748805999,-0.2405914930752
,P-0172,30,A,0.0,-0.2270440994640608,0.05716872991617947,0.0,0.0,0.0,-0.7662267638972999,-0.9980442616269,0.44410596944999997,-0.7352341356048,0.0329273893377,-0.9107424115584
,P-0173,31,A,0.0,0.0,0.0,-0.0,0.0,0.0,-0.7670527760286,-0.9980366365746001,0.4172962198703999,-0.7122639424512002,0.0367401803274,-0.9021827826624
,P-0174,31,A,0.0,27.380130279003783,0.0,-27.458937681691843,0.0,0.0,-0.8588549814047999,-0.005424133668599999,-0.6157404282666,-0.6704938033536,0.5045587935894,-0.1683367171392
,P-0175,31,A,0.0,50.33003618426861,0.0,-52.175247823436635,0.0,0.0,-0.9234973326707999,0.8361472391712,-1.5435314595713998,-0.6405703608432002,0.8515447921332,0.39942171308160007
,P-0176,31,A,0.0,24.65238581793821,0.0,-25.935094598152634,0.0,0.0,-0.8588543106573,-0.0794727149829,-0.5601056380062,-0.6763473924048001,0.4911657373359,-0.1969102600896
,P-0177,31,A,0.0,0.009917733527742723,0.0,0.09057821772141812,0.0,0.0,-0.7666223886594,-0.9968615740014,0.4168256013401999,-0.7122387461496,0.0378071335224,-0.9040016021376002
,P-0178,32,A,-0.0,0.0,0.0,0.0,0.0,0.0,-0.7934318085023999,-1.027663084506,0.44109966622019986,-0.6868101342912001,0.018135109119600003,-0.9316393247424001
,P-0179,32,A,-26.350821492809953,0.0,29.545465797789817,0.0,0.0,0.0,-1.7693893466748,-0.9911137058841,0.5119561033742999,0.32328044854079996,0.4190798227275,-0.6356219908224
,P-0180,32,A,-52.23006807006423,0.0,50.140496514929595,0.0,0.0,0.0,-2.7233007739038,-0.9515871510681,0.5642259881348998,1.0311871010952003,0.7268561629758001,-0.4427673696576
,P-0181,32,A,-32.76958436433716,0.0,29.935347413694476,0.0,0.0,0.0,-2.0075560347734998,-0.9764214190023002,0.5182492333901999,0.346569467004,0.48585371395770005,-0.5973802348224
,P-0182,32,A,0.5048312263001336,0.0,-0.04364288424702045,0.0,0.0,0.0,-0.7779583433681999,-1.0272243892344,0.4394122502718,-0.6851494494504001,0.0423693306234,-0.8995938995712001
,P-0183,33,A,-0.0,0.0,0.0,0.0,0.0,0.0,-0.7783679822814,-1.0254943158204,0.4639612137497999,-0.712422505692,0.046068220895400004,-0.9005366465568001
,P-0184,33,A,-54.712750557297866,0.0,0.0,51.14389652736729,0.0,0.0,-2.8433724465078005,-0.824940118713,2.51398688853,-0.7614647552208,1.1996644876722,-0.2496786369984
,P-0185,33,A,-29.15338092870322,0.0,0.0,25.785056046500543,0.0,0.0,-1.8870866625618001,-0.9163630297776001,1.5210729695772003,-0.7421857218984,0.6313734622008,-0.5799840008064
,P-0186,33,A,-0.15517458057236633,0.0,0.0,0.05728779497291425,0.0,0.0,-0.7834991112234,-1.0247414469401999,0.4701281354406,-0.7129458162455999,0.0493051074714,-0.8942580361824001
,P-0187,33,A,-27.416962622610612,0.0,0.0,24.725964888624056,0.0,0.0,-1.8260699787756003,-0.918884964426,1.4681840174663998,-0.7373147707272001,0.5786994088458,-0.6242730084672
,P-0188,34,A,-0.0,0.0,-0.0,0.0,0.0,0.0,-0.78954747932268,-1.03227739786704,0.4386443907019199,-0.7311701778043201,0.040992030379079995,0.011497794247680002
,P-0189,34,A,-29.06567548954372,0.0,-25.331517868503358,0.0,0.0,0.0,-1.9364747251277998,-0.9229562417646001,0.48072974206139996,-1.5894451072872005,0.7761100420656,0.011489498963200001
,P-0190,34,A,-53.90815416740726,0.0,-55.85939390754328,0.0,0.0,0.0,-2.906252466849,-0.8281689439807501,0.5133975906013499,-2.6651537531508,1.30405696280145,0.011489953291200002
,P-0191,34,A,-30.57607163909693,0.0,-28.51057589002922,0.0,0.0,0.0,-1.9955966157918001,-0.919222683624,0.4723242658211999,-1.7137797133062003,0.6810132875089501,0.011532831427200001
,P-0192,34,A,-0.373336378984511,0.0,-0.3086041520370575,0.0,0.0,0.0,-0.803153014623,-1.0302656081205999,0.4402878479141999,-0.7440810953568001,0.048495641475599996,0.011527739974400002
,P-0193,35,A,-0.0,0.0,0.0,-0.0,0.0,0.0,-0.8027739045586799,-1.032020985147,0.4050817865733599,-0.7131061426910401,0.03053135127636,0.011444190097920004
,P-0194,35,A,-29.127977710676518,0.0,0.0,-27.49570114905315,0.0,0.0,-1.9234548155943,-0.95923063132275,-0.5986030851216,-0.6625267113288,0.23342736981465004,0.011452115961600003
,P-0195,35,A,-52.298371535936475,0.0,0.0,-50.276406276203815,0.0,0.0,-2.7981212981472003,-0.9114270625690799,-1.41751063427376,-0.6306661220736002,0.3162758384214,0.011464128096000004
,P-0196,35,A,-25.734294232691138,0.0,0.0,-22.76596524755045,0.0,0.0,-1.7945687740747498,-0.96899346938775,-0.42790311499454997,-0.6712076553498001,0.1917343388466,0.011451137294400003
,P-0197,35,A,0.30060250467535155,0.0,0.0,0.3613369170883423,0.0,0.0,-0.7902003616866,-1.0326477412044,0.41533324356419987,-0.71282476670352,0.0331315810254,0.011447450534400003
,P-0198,36,A,0.0,-0.0,0.0,0.0,0.0,0.0,-0.7683045518430001,-1.0453101908928,0.4443848564921999,-0.6865369985136001,0.044341482081600006,-0.8915456265216001
,P-0199,36,A,0.0,-29.366531191585246,23.62316472312026,0.0,0.0,0.0,-0.7947843931944,-2.0929984555008,0.4684262144327999,0.15595320444240002,0.4144392155178,-0.4628042712192001
,P-0200,36,A,0.0,-56.33385981636187,49.49122741079091,0.0,0.0,0.0,-0.8175633002531999,-3.0597669297365995,0.4834929648197999,1.0726325852208,0.5674591485684001,-0.2913584553408
,P-0201,36,A,0.0,-27.64424792505397,22.878554908602382,0.0,0.0,0.0,-0.790939507545,-2.0318903030676,0.4609232175911999,0.136460208204,0.2836360103544,-0.6185953623168
,P-0202,36,A,0.0,0.18789588528054169,0.10722547969664142,0.0,0.0,0.0,-0.7679887996932,-1.0375772794122,0.4437027967631999,-0.6826026201600001,0.04447083954059999,-0.8931252400704
,P-0203,37,A,0.0,-0.0,0.0,0.0,0.0,0.0,-0.7694517894237,-1.0434302802846,0.47215717147169994,-0.7139555727852,0.048607551620100005,-0.8928774182976001
,P-0204,37,A,0.0,-26.645287399756413,0.0,22.840292723596967,0.0,0.0,-0.7823226916548001,-1.971890920842,1.3580093990189999,-0.6965788065864001,0.6714823738590001,-0.315798787296
,P-0205,37,A,0.0,-53.797334063606954,0.0,51.13647230080174,0.0,0.0,-0.7914336606432,-2.9186259691287,2.4307549171269,-0.6803172404988,1.271256144147,0.20092993309440002
,P-0206,37,A,0.0,-29.59909115255901,0.0,26.179752074236184,0.0,0.0,-0.7831894405176,-2.0763667146656997,1.4908546830644998,-0.6963365090076001,0.6556194394101,-0.3581206560096
,P-0207,37,A,0.0,0.0905332006564783,0.0,-0.08380738803900334,0.0,0.0,-0.7687499818428001,-1.0429461922632,0.4700670389141999,-0.7137962674248002,0.051144289831800006,-0.8891753392512001
,P-0208,38,A,0.0,-0.0,-0.0,0.0,0.0,0.0,-0.7709998657104,-1.04884288030512,0.43572927797256,-0.7394773072416001,0.039555463499639995,0.011495996002560002
,P-0209,38,A,0.0,-27.82140725418332,-25.00846872762821,0.0,0.0,0.0,-0.7881826101138,-2.0163012277956,0.3858976355695499,-1.5000095516958,0.4449628378008,0.011528425190400003
,P-0210,38,A,0.0,-56.145650983082604,-51.616745523070485,0.0,0.0,0.0,-0.7978294676004001,-3.0010153862769995,0.34260263409579994,-2.3298809720328,0.8026393706298,0.011513553024000004
,P-0211,38,A,0.0,-29.506024966348228,-26.1774743466174,0.0,0.0,0.0,-0.78886540722,-2.0704484255866,0.3836180653266,-1.5427968223328,0.44657608414320005,0.011537910963200003
,P-0212,38,A,0.0,0.1733244238055187,0.032102472877467814,0.0,0.0,0.0,-0.77113368251964,-1.04375368619568,0.43582759759344,-0.7393875697819201,0.033615951850800005,0.011545167102720003
,P-0213,39,A,0.0,-0.0,0.0,-0.0,0.0,0.0,-0.77103691243632,-1.06450071513432,0.4209195765543599,-0.7145653107662402,0.0453414232854,0.011488095164160004
,P-0214,39,A,0.0,-28.647165700848685,0.0,-26.62179463497297,0.0,0.0,-0.7839882978089999,-2.1106789285682,-0.5616299987246,-0.6618813653168001,0.3312589901742,0.011489391712000004
,P-0215,39,A,0.0,-50.83807870267647,0.0,-48.82476043230671,0.0,0.0,-0.78474604424085,-2.925141884718,-1.3670626073305499,-0.6249183610656001,0.5292038390067,0.011497876473600002
,P-0216,39,A,0.0,-26.344181096786947,0.0,-25.166172235323142,0.0,0.0,-0.78548197051125,-2.0249986145316003,-0.5078617317891,-0.6623136559446,0.3156293103777,0.011493595363200004
,P-0217,39,A,0.0,0.4812356825274393,0.0,-0.14489390059997792,0.0,0.0,-0.7703490009549601,-1.0494785397061202,0.41619041566751996,-0.7139699627524801,0.03693962861028,0.011510549990400003
,P-0218,40,A,0.0,0.0,0.0,0.0,0.0,0.0,-0.7665611091678,-1.0285324298592,0.45386254457699987,-0.6990576827568001,0.034833235041,-0.9049863826560001
,P-0219,40,A,0.0,0.0,49.743634159306616,0.0,0.0,0.0,-0.7625228246558999,-1.0248686860896001,1.4294142651359998,0.1362632514504,-0.1159824361806,-1.2590546619648
,P-0220,40,A,0.0,0.0,105.36936201828823,0.0,0.0,0.0,-0.7510971775914,-1.0194894932736,2.490631924547,1.0881628416192,-0.16414344886499999,-1.5047527775872
,P-0221,40,A,0.0,0.0,54.940313971267614,0.0,0.0,0.0,-0.7614379487061,-1.018214008851,1.5423039677877,0.2335153337292,-0.059472777721499996,-1.2094282000224001
,P-0222,40,A,0.0,0.0,0.12233818413867814,0.0,0.0,0.0,-0.7670375634752999,-1.0285295872254,0.4605481518104999,-0.6969826358844,0.033409793429100006,-0.9044771271456
,P-0223,41,A,0.0,0.0,0.0,-0.0,0.0,0.0,-0.7674783071859,-1.0291203097707,0.4163688797657999,-0.6825661400640002,0.04172935537980001,-0.8836230965664001
,P-0224,41,A,0.0,0.0,28.079201396749728,-28.25630761210984,0.0,0.0,-0.7623321356133,-1.0618908447714,-0.6479444681423999,0.3313469220036,0.0118701762993,-0.7260647023200002
,P-0225,41,A,0.0,0.0,50.18079496095343,-49.30198347869195,0.0,0.0,-0.7595136367317,-1.0848443975784001,-1.4309605015757998,1.1120814904452,0.0441034715088,-0.5490785575776002
,P-0226,41,A,0.0,0.0,30.128604013131095,-26.74861697041468,0.0,0.0,-0.7620366758111999,-1.0600671253457998,-0.5944737397404,0.40401052545840005,0.0283246685766,-0.7211136026112002
,P-0227,41,A,0.0,0.0,-0.15639826465872142,0.10406170036508632,0.0,0.0,-0.7669465296246001,-1.0290566276222999,0.4176045105101999,-0.684925052154,0.0448662961098,-0.8855509190112
,P-0228,42,A,0.0,0.0,-0.0,0.0,0.0,0.0,-0.7689397169334,-1.0270604461404,0.48917452444899995,-0.7457625535856002,0.014125445076600003,-0.9316881776639999
,P-0229,42,A,0.0,0.0,-24.695892798786566,25.80724295493547,0.0,0.0,-0.7804201834458,-0.9744189265158,1.4784671924255999,-1.7083131753912,-0.668281053528,-1.9223936813568003
,P-0230,42,A,0.0,0.0,-51.42194631029254,55.59111330662843,0.0,0.0,-0.7751031232968001,-0.9329569582197,2.5316781335703,-2.8092063651768004,-1.2530573327844,-2.8071520881408003
,P-0231,42,A,0.0,0.0,-25.57425374132178,27.600220197463322,0.0,0.0,-0.7788745307934001,-0.9759722471054999,1.5206956144652999,-1.7754094601952002,-0.6265252882152,-1.8763555764384001
,P-0232,42,A,0.0,0.0,0.1250482738894909,0.09613963029116573,0.0,0.0,-0.7679753579133,-1.0260444012171002,0.4864204560344999,-0.7470670090968001,0.0062090039979,-0.9377353578240002
,P-0233,43,A,0.0,0.0,-0.0,0.0,0.0,0.0,-0.7696436410953,-1.0264468663164,0.42965013961349996,-0.7257609610284,0.0435912535179,-0.8877639581472
,P-0234,43,A,0.0,0.0,-52.78121309267122,0.0,0.0,0.0,-0.8135523196361999,-1.0248928484769002,-0.5574863390616,-1.6463348066436,0.3101922205965,-0.3959496468288
,P-0235,43,A,0.0,0.0,-100.32139803742142,0.0,0.0,0.0,-0.8376047705015999,-1.0293962240313,-1.4284485239739002,-2.4940453560432,0.5169134053512,0.0030569657184000027
,P-0236,43,A,0.0,0.0,-55.06083181885959,0.0,0.0,0.0,-0.8177733694269,-1.0270666588149,-0.6056767339935,-1.6915033885667998,0.34299024559470004,-0.3511102349472
,P-0237,43,A,0.0,0.0,-0.09161036386897542,0.0,0.0,0.0,-0.7689640218417,-1.0271051416404,0.4242607856876999,-0.7296995596284,0.0425833381017,-0.8920845816768
,P-0238,44,A,0.0,0.0,0.0,0.0,0.0,0.0,-0.7702095284028001,-1.0331744150981998,0.4401579283685999,-0.6817834810632001,0.0828985512168,-0.8255378933568
,P-0239,44,A,0.0,0.0,26.598965343445286,0.0,13.838408425918386,0.0,-1.0284850387422,-1.3014687544416002,0.45356430553199995,0.2417595940128,2.1977291590451995,1.6389082085568
,P-0240,44,A,0.0,0.0,50.649390446197195,0.0,28.671952739963167,0.0,-1.304142013611,-1.5897738650750002,0.46300154280379985,1.0770749429504,4.3002981995094,4.102309379904001
,P-0241,44,A,0.0,0.0,28.190388708429037,0.0,13.70607745611127,0.0,-1.0257062391692997,-1.29586951674,0.4518016009922999,0.30233733272159996,2.1378481341030002,1.5796766151455999
,P-0242,44,A,0.0,0.0,-0.13852291085590474,0.0,-0.0024983187554521724,0.0,-0.771080820462,-1.0325611570818,0.4389663493643999,-0.6823652313,0.0827119081602,-0.8173348032000001
,P-0243,45,A,0.0,0.0,0.0,0.0,-0.0,0.0,-0.7728748553853,-1.0378546328679,0.4446791875772999,-0.6807005050368,-0.028043170481700002,-0.9545931371904001
,P-0244,45,A,0.0,0.0,24.7404190235753,0.0,-15.123943373863524,0.0,-1.0246001765418,-1.319166241596,0.42951736734659995,0.13425049791840002,-2.4014835743778002,-3.8170324440000005
,P-0245,45,A,0.0,0.0,52.388028838179864,0.0,-28.52262442974217,0.0,-1.2436289270478,-1.5650388330696,0.4243034870802,1.054722789384,-4.466173645791,-6.3270542104704015
,P-0246,45,A,0.0,0.0,25.844581136944747,0.0,-16.983770565615,0.0,-1.0564980836723998,-1.3500493482054001,0.42703656399689993,0.1678369265388,-2.6852584650309,-4.1729054839392
,P-0247,45,A,0.0,0.0,0.08173503770314205,0.0,0.04045047755161385,0.0,-0.7717194525717,-1.0359100478711998,0.4437171140259,-0.6776193943404001,-0.0288196370649,-0.9605939133312
,P-0248,46,A,0.0,0.0,0.0,0.0,0.0,0.0,-0.7702584482538,-1.0313665893924,0.4647807406631999,-0.7125356744604001,0.0735402408246,-0.8340188177472
,P-0249,46,A,0.0,0.0,0.0,26.02027677139762,17.42439531278957,0.0,-1.1097438267689999,-1.323379507599,1.4998502075933997,-0.7507164671712001,2.648836558665,1.9907567991552
,P-0250,46,A,0.0,0.0,0.0,51.002912034409555,28.899901490903364,0.0,-1.3338221254343998,-1.5136840611336002,2.4750756448002003,-0.7856201044344,4.292035270558199,3.7377919021824
,P-0251,46,A,0.0,0.0,0.0,25.73642435908993,14.825733418590676,0.0,-1.0606045250735998,-1.2748767376398,1.4916167889012,-0.7537135842348001,2.2580369116272,1.5499454563680002
,P-0252,46,A,0.0,0.0,0.0,-0.07194829300108352,0.08920801671997672,0.0,-0.7730119382876999,-1.0329123296253002,0.4654704464006999,-0.7127796887496002,0.0866469584871,-0.8118978108672
,P-0253,47,A,0.0,0.0,0.0,0.0,-0.0,0.0,-0.7742385923724,-1.0346167746396,0.46506801595799996,-0.7135982913744001,-0.021021527815200003,-0.9408717761664
,P-0254,47,A,0.0,0.0,0.0,27.065634854041175,-15.377166103596005,0.0,-1.0293746287932,-1.2884335621614,1.5191882329533,-0.8325024998088,-2.268316158273,-3.8554019451168
,P-0255,47,A,0.0,0.0,0.0,54.497944681820165,-30.306307675734228,0.0,-1.2508638599952,-1.5379036139781002,2.5721038593158996,-0.9247880494884,-4.1910239773512,-6.373645141699201
,P-0256,47,A,0.0,0.0,0.0,27.02106696910076,-14.964352098536395,0.0,-1.0165708996884,-1.2810989769768,1.5271785085751999,-0.831990133284,-2.1712824553068004,-3.733643384736
,P-0257,47,A,0.0,0.0,0.0,0.1898441001516793,0.14091068434137832,0.0,-0.7722486723492,-1.0331552317895998,0.47606915558669993,-0.7144762188612,-0.0173500198443,-0.9393248206079999
,P-0258,48,A,0.0,0.0,-0.0,0.0,0.0,0.0,-0.7716623674878001,-1.0301344327875,0.43797873546179994,-0.7411717987596,0.0535333084407,-0.8776355659487999
,P-0259,48,A,0.0,0.0,-29.68598875273519,0.0,14.890842978651738,0.0,-1.0849451022351,-1.2182095211475004,0.4134015577652999,-1.7466778170564001,1.6449240987530998,0.9691793861088002
,P-0260,48,A,0.0,0.0,-49.8046985300375,0.0,30.078875638084394,0.0,-1.3894713684816,-1.4194857263822003,0.3996594090449999,-2.4255491952416004,3.4259497026876002,3.0469475975424
,P-0261,48,A,0.0,0.0,-24.22185913041248,0.0,14.259721787695065,0.0,-1.0713224202437999,-1.2144890170726,0.4142235796919999,-1.5558741201192,1.6900305977213999,1.038518004896
,P-0262,48,A,0.0,0.0,0.013339345665600466,0.0,0.011207241722399952,0.0,-0.7727751554769001,-1.0302940314789,0.43857956864669995,-0.7419578643576001,0.0588325838067,-0.8671733007648001
,P-0263,49,A,0.0,0.0,-0.0,0.0,-0.0,0.0,-0.7727555517633,-1.0368768025971,0.44233915126829987,-0.7382264870088001,-0.014887588419,-0.9434425784928001
,P-0264,49,A,0.0,0.0,-30.435243720767613,0.0,-15.314767969487253,0.0,-1.048101952653,-1.3117319407509,0.38815778226809994,-1.8127440219732003,-2.2703840181594,-3.6621199994208005
,P-0265,49,A,0.0,0.0,-51.156670384360865,0.0,-27.773759525254437,0.0,-1.2683295614673,-1.5466116024867,0.35909974848149995,-2.5592325784116,-4.024518783981301,-5.791516936512
,P-0266,49,A,0.0,0.0,-24.0748165005349,0.0,-15.059102781244547,0.0,-1.0454029452026998,-1.3097702999513998,0.3931534874826,-1.5986060551596002,-2.2702284941985,-3.6688553122176004
,P-0267,49,A,0.0,0.0,-0.03102761527517367,0.0,0.0021383706552292603,0.0,-0.7738365284343001,-1.0368136478556,0.4427738738006999,-0.7395528603816001,-0.0183454911981,-0.9476508832032
,P-0268,50,A,0.0,0.0,0.0,-0.0,0.0,0.0,-0.7729944004764,-1.0341992382176999,0.4128625991216999,-0.7137553614348001,0.0542547422307,-0.8644473685152
,P-0269,50,A,0.0,0.0,0.0,-25.429142419863233,14.142807643368547,0.0,-1.0348641992369998,-1.3185755935432002,-0.520384376434,-0.6925833002288,2.0665493600795997,1.6505092431488004
,P-0270,50,A,0.0,0.0,0.0,-49.447247496283225,29.990824402975676,0.0,-1.2982987416144,-1.6237308123262,-1.4116943069631998,-0.6800193823032001,4.1353738699086,4.2185401985408
,P-0271,50,A,0.0,0.0,0.0,-27.105052992334834,16.08317890130852,0.0,-1.056960649035,-1.3527599514984,-0.5948741938464,-0.6899409312360001,2.317719904335,1.9621384609536001
,P-0272,50,A,0.0,0.0,0.0,-0.06436057432998779,0.03786609210526315,0.0,-0.771775714872,-1.0335457542513,0.40828674472949994,-0.7131513386688001,0.0802108572309,-0.8393198959968
,P-0273,51,A,0.0,0.0,0.0,-0.0,-0.0,0.0,-0.7757256395799,-1.0363189938180002,0.41448976810019994,-0.7145999650692001,-0.023264364449700002,-0.9482562268512
,P-0274,51,A,0.0,0.0,0.0,-25.182268356088006,-15.967243889042356,0.0,-1.0742440949964,-1.3468928804826001,-0.523323901542,-0.7754368465776,-2.4813932104764005,-3.7563509305536
,P-0275,51,A,0.0,0.0,0.0,-52.77300820827727,-29.89678357174082,0.0,-1.3463338021343998,-1.6157437860702,-1.5351350869997995,-0.8287728928176,-4.5661548691638,-6.124939467072001
,P-0276,51,A,0.0,0.0,0.0,-25.917091817833896,-15.516986104003099,0.0,-1.0700525759823,-1.3386979873749,-0.556160154537,-0.7706344207632,-2.4168530910249,-3.6909729228096
,P-0277,51,A,0.0,0.0,0.0,0.018628843956104563,0.052365908670156,0.0,-0.7735807768842001,-1.035633096675,0.41255086554239995,-0.7142832945888001,-0.0159693099984,-0.9481372584576
,P-0278,52,A,0.0,0.0,0.0,0.0,0.0,0.0,-0.7843558757860801,-1.00745778290556,0.443537660865,-0.715083585636,0.025803458623800003,-0.9277659834048001
,P-0279,52,A,25.370498623936,0.0,0.0,0.0,0.0,16.75595420568678,0.20999440040085,-1.0815851302056,0.3849876308888999,-0.6888623900448001,0.38364370119900004,-0.3164056235232
,P-0280,52,A,50.437085993521436,0.0,0.0,0.0,0.0,33.38689668389406,1.13936248886508,-1.1248649091822,0.3391881919998,-0.6686442231451202,0.67059514796868,0.19691080520064003
,P-0281,52,A,24.00638287657629,0.0,0.0,0.0,0.0,16.254618458321804,0.1602780099147,-1.0762124986889998,0.39180405193799994,-0.693790319013,0.36318281978879996,-0.35116357007520005
,P-0282,52,A,-0.22264330187972847,0.0,0.0,0.0,0.0,-0.044998095096939306,-0.79245609894405,-1.0070845164825,0.44237889262709995,-0.7142061990918,0.019753507709099997,-0.9343744716576001
,P-0283,53,A,0.0,0.0,0.0,0.0,0.0,0.0,-0.7946196665517,-1.0065752470164,0.4456684066945499,-0.7157683206144002,0.0476121249648,-0.9004150951968001
,P-0284,53,A,23.39164439605927,0.0,0.0,0.0,0.0,-14.447911226141155,0.10198265963292001,-1.02836036291112,0.4161127823002799,-0.6968997241368,0.49488028102260007,-0.20628352518912002
,P-0285,53,A,48.86904878563997,0.0,0.0,0.0,0.0,-28.654036813107137,1.05392269020168,-1.04191582511388,0.3896373501945599,-0.6795472118371201,0.85805752092192,0.39483010688256
,P-0286,53,A,26.0094462699204,0.0,0.0,0.0,0.0,-14.538607507568024,0.20683765696995,-1.03156274453325,0.41253218871344993,-0.6966092334900001,0.5153147813781,-0.16808776922880003
,P-0287,53,A,0.16609303530895358,0.0,0.0,0.0,0.0,-0.1845390294812923,-0.7828570896029999,-1.0073715301256,0.4424568342193999,-0.7133993258312001,0.0534437892648,-0.8947594146880001
,P-0288,54,A,0.0,0.0,0.0,0.0,0.0,0.0,-0.8107297157798999,-0.9853858211248501,0.44039295593864997,-0.7116297654882001,0.0069445267551,-0.9527892613824002
,P-0289,54,A,0.0,26.31575857983265,0.0,0.0,0.0,16.57921610167162,-0.7952082221436,-0.0495705285932,0.41383058379779997,-0.6903422719,-0.131796097983,-1.1034390040384001
,P-0290,54,A,0.0,49.02058233263713,0.0,0.0,0.0,31.006879187148613,-0.7949875939137,0.7695679195220999,0.4013499102248999,-0.6769796961864001,-0.26421785520075003,-1.2565516826160001
,P-0291,54,A,0.0,23.515751537535465,0.0,0.0,0.0,17.796400504297516,-0.7982722682699999,-0.1473927566064,0.41681368370199995,-0.6935431976568001,-0.1226798627472,-1.0920456554368
,P-0292,54,A,0.0,0.06155370372399105,0.0,0.0,0.0,0.03422513567687058,-0.81034539177168,-0.9791990208497998,0.4383392407383599,-0.7114555184884801,0.00650534968908,-0.9523197549542401
,P-0293,55,A,0.0,0.0,0.0,0.0,0.0,0.0,-0.8099420391040499,-0.9789111281952,0.43907086717064997,-0.7120929196482,0.00780179481675,-0.9507452590752001
,P-0294,55,A,0.0,25.928771211648797,0.0,0.0,0.0,-14.887276967284015,-0.8226398857971599,-0.005360297767679999,0.43615968654647985,-0.6962716084132801,-0.19789269489396,-1.1903246216409602
,P-0295,55,A,0.0,55.44269511957756,0.0,0.0,0.0,-29.418132095290815,-0.8289857044771201,1.0951231352913602,0.43755000453839993,-0.6815022087936,-0.4156830358560001,-1.4500474702233601
,P-0296,55,A,0.0,24.217430636690832,0.0,0.0,0.0,-15.94745318758787,-0.8264501978412,-0.0544970453852,0.4395518338951999,-0.7001250653304001,-0.1807264612494,-1.1730878379840002
,P-0297,55,A,0.0,-0.2391381266708701,0.0,0.0,0.0,-0.39738666861734706,-0.80910942055704,-0.98718831644532,0.44047270783151987,-0.7124151953668801,0.01043637178716,-0.95014024254336
,P-0298,56,A,0.0,0.0,0.0,0.0,0.0,0.0,-0.8191389129606,-1.012846436865,0.4340462144362499,-0.7106062082064001,0.09362629849319999,-0.7972362992304
,P-0299,56,A,0.0,0.0,0.0,0.0,15.20646615494814,16.942552458646052,-1.0702141635267,-1.3023795235842,0.4136867672963999,-0.6833234641746001,2.4401689956071997,1.9491531961968
,P-0300,56,A,0.0,0.0,0.0,0.0,30.22561885226083,32.318783813326704,-1.3341665855772,-1.5750055988229001,0.4050949341309,-0.6685749145392001,4.732153981998301,4.6443514212672
,P-0301,56,A,0.0,0.0,0.0,0.0,15.284438638501985,17.02193123957218,-1.0792918246848,-1.298322614359,0.41582871087679996,-0.6844208608664001,2.4640965019638,1.9916976603072
,P-0302,56,A,0.0,0.0,0.0,0.0,-0.09900877984879322,0.02214216435374139,-0.81732465276435,-1.01063008088055,0.4340454811348499,-0.710877198096,0.07949624890185,-0.8138279660256
,P-0303,57,A,0.0,0.0,0.0,0.0,0.0,0.0,-0.81801829242936,-1.0101446654028001,0.4382686685270399,-0.7146996290491201,0.08116220401344001,-0.81474611316096
,P-0304,57,A,0.0,0.0,0.0,0.0,15.390682543781782,-13.555253439184805,-1.1127095323685998,-1.24860134376,0.43786672814429994,-0.6923289648144,2.4372034468056,1.9287214031648
,P-0305,57,A,0.0,0.0,0.0,0.0,31.3162364696656,-28.997121912585033,-1.41546150095868,-1.49542517704536,0.43975442659044,-0.6743600855280001,4.82396561821152,4.7159423659008
,P-0306,57,A,0.0,0.0,0.0,0.0,15.674860945026655,-14.168814545034012,-1.120024418418,-1.25050365217716,0.43941123795815995,-0.6922809899116801,2.48752393103808,1.9996227303283203
,P-0307,57,A,0.0,0.0,0.0,0.0,-0.05681222107949434,-0.38997522324781353,-0.8166356475174,-1.008822764064943,0.4363377602320285,-0.7128490647977144,0.0743931392886,-0.8235951604416001
,P-0308,58,A,0.0,0.0,0.0,0.0,0.0,0.0,-0.81521209326825,-1.0098560665593,0.43964994723779993,-0.6727400697354001,0.03842913549915,-0.8716211420928001
,P-0309,58,A,0.0,0.0,23.951341986669558,0.0,0.0,15.906933831715257,-0.77873441790096,-1.02325881496548,0.4049736371366399,0.18264620569872003,0.35443104301044,-0.4845992594764801
,P-0310,58,A,0.0,0.0,51.27401159609969,0.0,0.0,31.349107116451872,-0.7569560139110999,-1.0208926101659999,0.3748956821551499,1.1633498394792,0.6755625512757,-0.09152144589599999
,P-0311,58,A,0.0,0.0,22.229157433066092,0.0,0.0,17.57859831882018,-0.7825269387402,-1.01673046240635,0.4037042682679499,0.1378487497404,0.3403316771514,-0.499591459632
,P-0312,58,A,0.0,0.0,-0.4969840528277356,0.0,0.0,0.07842361801020381,-0.81469421359515,-1.00857016361565,0.4355755502767499,-0.6865299170832001,0.035838160127550006,-0.8738403749856
,P-0313,59,A,0.0,0.0,0.0,0.0,0.0,0.0,-0.8131097201908499,-1.0087514887896,0.44190048053384995,-0.6859559948670001,0.0008236572002999999,-0.9167929567248
,P-0314,59,A,0.0,0.0,25.062838684615386,0.0,0.0,-15.915048873401357,-0.8035535313702,-0.98997854298375,0.43973610120959994,0.20008743258480002,-0.27494033699385,-1.2411619844880002
,P-0315,59,A,0.0,0.0,53.9016123573478,0.0,0.0,-29.217682129913264,-0.7891533123184801,-0.97443782019756,0.4428975710156399,1.2173426454710403,-0.48368415837455997,-1.4888474043686402
,P-0316,59,A,0.0,0.0,24.074942860940414,0.0,0.0,-14.039107040464287,-0.80538291558108,-0.9879384606878401,0.4414904550560399,0.17067821279232004,-0.19835839604988,-1.15341402463488
,P-0317,59,A,0.0,0.0,-0.0010422304225352619,0.0,0.0,-0.1779899767704083,-0.81289746616896,-1.0087063320320402,0.44331728054327996,-0.68758419901056,0.00664168011408,-0.9140250204364802
,P-0318,60,A,0.0,0.0,0.0,0.0,0.0,0.0,-0.8139357144355499,-1.0077023691963,0.46769545723094996,-0.7089460643082001,0.032739986406599995,-0.8853802153200001
,P-0319,60,A,0.0,0.0,0.0,25.066287515427955,0.0,16.645728158350458,-0.76487235924375,-1.01099679851895,1.3713550865488497,-0.6847143035994001,0.17834991387345003,-0.8653818660960001
,P-0320,60,A,0.0,0.0,0.0,52.06057635631203,0.0,32.53987138637174,-0.7362889508844,-0.9991307859902401,2.33854783380192,-0.6571520844792001,0.30877329174516,-0.87438910251264
,P-0321,60,A,0.0,0.0,0.0,24.1709836475623,0.0,16.557404885783853,-0.7752278107853999,-1.0062868031173,1.3486557104123997,-0.6900110570676,0.1498672504296,-0.8907778419936
,P-0322,60,A,0.0,0.0,0.0,0.12739042214951235,0.0,0.008618340011904646,-0.81437982172128,-1.00736837402736,0.47389389567935997,-0.7091687386353601,0.025524493497360003,-0.8908404534566402
,P-0323,61,A,0.0,0.0,0.0,0.0,0.0,0.0,-0.8131606806048,-1.0080222846868,0.47673063220119993,-0.7110880375528001,0.0661630811886,-0.842227300256
,P-0324,61,A,0.0,0.0,0.0,25.96078294221452,0.0,-13.93080344943764,-0.78503881479264,-0.9733644667041599,1.4449641752956799,-0.6946314704500801,0.06912600291036,-1.0106924181926402
,P-0325,61,A,0.0,0.0,0.0,50.886832674461544,0.0,-28.117760639124715,-0.75996953575848,-0.93949468878864,2.3789059026564,-0.6811790738256001,0.02192089685148,-1.2345998224972803
,P-0326,61,A,0.0,0.0,0.0,24.62220535592633,0.0,-14.197737752049889,-0.7869068304822,-0.9725650680206401,1.4039211707398798,-0.6988394638296,0.07449660993059999,-0.9982406468236801
,P-0327,61,A,0.0,0.0,0.0,-0.10827901326110512,0.0,-0.15050096386054435,-0.8130882845912999,-1.007499633388,0.4729533758234999,-0.7128447121364002,0.036253211029200004,-0.879903380656
,P-0328,62,A,-0.0,0.0,0.0,0.0,0.0,0.0,-0.8240227238844,-1.0065607835526,0.4352188662158999,-0.7127858715894,0.0046358760492000006,0.011554080571200004
,P-0329,62,A,-26.817111683923258,0.0,0.0,0.0,0.0,16.78629225719475,-1.7778503917429203,-0.99419914173048,0.4546228457768399,-0.7018620007248001,0.59396763690396,0.011619577985280002
,P-0330,62,A,-54.29508603591352,0.0,0.0,0.0,0.0,30.226653666327913,-2.7556983074322,-0.97848501202512,0.4935118651085999,-0.7032757010097601,1.182085139763,0.011618601999360002
,P-0331,62,A,-29.21079811529613,0.0,0.0,0.0,0.0,17.53819060765317,-1.8715820300271,-0.9856318117482001,0.46140275646464995,-0.7036580150982001,0.6331588365069,0.011604278601600005
,P-0332,62,A,-0.03590707483844513,0.0,0.0,0.0,0.0,0.06902006471088384,-0.82415780795925,-1.0068471118647,0.43314922138409995,-0.7107970804734,0.01934016727005,0.011594393616000002
,P-0333,63,A,-0.0,0.0,0.0,0.0,0.0,0.0,-0.8249278216176,-1.00659567732945,0.4355160589649999,-0.7126075438260001,0.0323151361038,0.011608233489600004
,P-0334,63,A,-28.73191831063856,0.0,0.0,0.0,0.0,-14.134957776641155,-1.89045021533355,-0.9346153758081,0.49001377597769996,-0.7142418297738,0.6804704286963001,0.011557789675200002
,P-0335,63,A,-53.43429079236887,0.0,0.0,0.0,0.0,-28.69405234176871,-2.7998115389193603,-0.8749823912011201,0.54022281373476,-0.7194308864880001,1.16494407673776,0.011599421909760002
,P-0336,63,A,-29.21087785841273,0.0,0.0,0.0,0.0,-13.798583702251701,-1.9101207756294003,-0.9337187894415602,0.49028239501175996,-0.7145620633224001,0.6642245532582001,0.011584871496960003
,P-0337,63,A,-0.005129807795671182,0.0,0.0,0.0,0.0,-0.0579167985941047,-0.8248381541044,-1.0056449032312667,0.4352082850145333,-0.71240259662,0.0341342220186,0.011612980844800004
,P-0338,64,A,0.0,-0.0,0.0,0.0,0.0,0.0,-0.8149736604186,-1.0174889852673,0.4365777005381999,-0.7139157710334,0.0128647805022,0.011594125488000004
,P-0339,64,A,0.0,-27.672951756647322,0.0,0.0,0.0,16.997385423499434,-0.7881777360153001,-2.04258995434305,0.4158004236262499,-0.6798732696834001,-0.1845551470257,0.011630698147200002
,P-0340,64,A,0.0,-55.22058529797958,0.0,0.0,0.0,30.8291941495163,-0.77468730277464,-3.0553642978391995,0.4077777280340399,-0.6530167973616,-0.38726892888551995,0.011623285301760003
,P-0341,64,A,0.0,-28.776829652991754,0.0,0.0,0.0,17.03637171434293,-0.7929399055384799,-2.08088827771296,0.41491822716551996,-0.67561756516656,-0.19329646971887998,0.011644438813440005
,P-0342,64,A,0.0,0.01726794042465918,0.0,0.0,0.0,0.017113270428571692,-0.8149461687144,-1.01719282036956,0.4348123686332399,-0.7116164922768001,0.012897828785159998,0.011615262912000003
,P-0343,65,A,0.0,-0.0,0.0,0.0,0.0,0.0,-0.8135278239374999,-1.0157792810825002,0.43519465534609997,-0.7121332250876001,0.0288563840532,0.011631487635200003
,P-0344,65,A,0.0,-27.123765563459898,0.0,0.0,0.0,-13.705106281752833,-0.8363568224195999,-1.9512229814845203,0.4379967782533199,-0.6744042335971201,0.4311849971919601,0.011598860628480003
,P-0345,65,A,0.0,-57.65974087990183,0.0,0.0,0.0,-27.957737292829606,-0.8501855891315142,-3.022277754160372,0.4412556371284285,-0.6323234884518858,0.8259520427334,0.011598743673600004
,P-0346,65,A,0.0,-26.92938985951189,0.0,0.0,0.0,-13.076268292596371,-0.8352731493436499,-1.9466369532237,0.4370068294117499,-0.6733849001382,0.39605112870840004,0.011613555830400003
,P-0347,65,A,0.0,-0.04783069525079564,0.0,0.0,0.0,0.2574242453401365,-0.8153831204658,-1.0164846148086,0.43628328598789995,-0.7131138005308,0.033297355842299994,0.011609775225600003
,P-0348,66,A,0.0,0.0,0.0,0.0,-0.0,0.0,-0.8192814110311499,-1.010813774916,0.43943336845784997,-0.7126401255588001,0.00043516018754999986,-0.9203655567600001
,P-0349,66,A,0.0,0.0,0.0,0.0,-15.50634815983813,16.323326681817555,-1.07538677596575,-1.2983173373103,0.4141081517917499,-0.7264742318466001,-2.39781380517855,-3.8124922593888
,P-0350,66,A,0.0,0.0,0.0,0.0,-31.91426280668654,31.06329707278035,-1.3565483314149598,-1.59258051840156,0.4095834451721999,-0.74467657212384,-4.89660484357836,-6.843325683244801
,P-0351,66,A,0.0,0.0,0.0,0.0,-16.016977898538816,18.366665413978446,-1.08650240353575,-1.305262365456,0.4148566960238999,-0.726798435288,-2.4818104575643503,-3.9153409361616003
,P-0352,66,A,0.0,0.0,0.0,0.0,-0.019668045475913554,-0.002057321539115531,-0.819396909279,-1.011567877392,0.4366992363025499,-0.7108144755780001,-0.00662925894345,-0.9245020478544
,P-0353,67,A,0.0,0.0,0.0,0.0,-0.0,0.0,-0.81818824374792,-1.0099250781991198,0.4370469025447199,-0.7146997113081601,-0.00454227078096,-0.91914804918144
,P-0354,67,A,0.0,0.0,0.0,0.0,-14.609537800548122,-13.563916474552721,-1.09175957040465,-1.2282086017473,0.44300271749369996,-0.7415520948192,-2.3108838941875502,-3.7167946502208005
,P-0355,67,A,0.0,0.0,0.0,0.0,-30.16467130923686,-28.85662453814399,-1.3778984371905,-1.463018261391,0.4591580567898999,-0.7572681791575999,-4.6541418311421,-6.563547033056
,P-0356,67,A,0.0,0.0,0.0,0.0,-13.899092423725886,-13.367889516891156,-1.0801503308061,-1.21744460683005,0.4482549708857999,-0.7377446367996,-2.1817038837626996,-3.5653463032128
,P-0357,67,A,0.0,0.0,0.0,0.0,0.06201429545604342,0.41787759404421765,-0.8184859984007998,-1.0109567558205,0.4418113262861999,-0.7147069733508,0.0009459791153999999,-0.9203199660624
,P-0358,68,A,0.0,0.0,-0.0,0.0,0.0,0.0,-0.81654830277795,-1.00756585573065,0.4429262842367999,-0.7416134672160001,0.0435201382044,-0.906437245608
,P-0359,68,A,0.0,0.0,-25.376576613331302,0.0,0.0,16.554352962299017,-0.7992234836202,-1.0215326437666001,0.3845811225749999,-1.5724489828744002,0.0832811465376,-0.8422977583360001
,P-0360,68,A,0.0,0.0,-49.451260917489236,0.0,0.0,32.081153255224656,-0.7953203413145999,-1.0229835669658,0.3552748155892,-2.3883708570904,0.09681867728280001,-0.8173503605824
,P-0361,68,A,0.0,0.0,-24.843933337462772,0.0,0.0,16.867044701563643,-0.8007252172168501,-1.0190340640068,0.3883388182868999,-1.5581127775398,0.02402234408475,-0.9117382791696002
,P-0362,68,A,0.0,0.0,0.06608434442759453,0.0,0.0,-0.012907268903061375,-0.8163211116564001,-1.00711648717365,0.4423834176332999,-0.7387474192032,0.04431565975815001,-0.9023829357456
,P-0363,69,A,0.0,0.0,-0.0,0.0,0.0,0.0,-0.8179188523238249,-0.9984751418903249,0.42561712499669996,-1.0675011155187002,0.005070548847375001,-0.9482242659936001
,P-0364,69,A,0.0,0.0,-45.02931679704974,0.0,0.0,-23.640771875136053,-0.8281964725614,-0.9598904754588,0.37315714973355,-2.5805151021828,0.0186026822487,-0.9188647370928
,P-0365,69,A,0.0,0.0,-16.527003353118445,0.0,0.0,-10.570597767290248,-0.8294189382006001,-0.9768922324602,0.4029217536993999,-1.6198526621304004,-0.015757945691400002,-0.9674087737472
,P-0366,69,A,0.0,0.0,9.943086860535457,0.0,0.0,4.757652266972789,-0.8152878862452,-1.0064284193192,0.44485983309819993,-0.7432882970352003,0.032650726482,-0.919700353536
,P-0367,70,A,0.0,0.0,0.0,-0.0,0.0,0.0,-0.8148517274664,-1.008012707931,0.4236225422077999,-0.7171986145744,0.027163926009000004,-0.9202079913408
,P-0368,70,A,0.0,0.0,0.0,-25.738680658522657,0.0,16.747805285960006,-0.7912827827005499,-1.0457509779138001,-0.49201616165909995,-0.7493292265794,-0.2792713221639,-1.1146442191392003
,P-0369,70,A,0.0,0.0,0.0,-51.62245615481967,0.0,34.34469275539942,-0.7843139308147501,-1.06890846287865,-1.3804288898985,-0.8009557913795999,-0.5184803690252999,-1.2375195862656
,P-0370,70,A,0.0,0.0,0.0,-27.140325732836104,0.0,15.197727118700763,-0.7990636191516001,-1.0420057050826501,-0.5394311440167,-0.7523945113518,-0.24095678261985,-1.0605601738848
,P-0371,70,A,0.0,0.0,0.0,-0.1403748989963603,0.0,-0.059112689095238036,-0.8157181865662799,-1.00770061176924,0.4133593446442199,-0.7140583268438401,0.04599609003198,-0.897227249904
,P-0372,71,A,0.0,0.0,0.0,-0.0,0.0,0.0,-0.8139292141469999,-1.0077906249306001,0.41301317332339993,-0.714972923384,0.0212700771558,-0.9275429485760001
,P-0373,71,A,0.0,0.0,0.0,-28.13607135110841,0.0,-13.49864253352891,-0.81854447416785,-1.0042506832264502,-0.5563717656470999,-0.7612031088851999,-0.15834129600465002,-0.9625244930256002
,P-0374,71,A,0.0,0.0,0.0,-50.41276513832578,0.0,-29.157777138854872,-0.8220021283421999,-0.989979593328,-1.3158992460639998,-0.7969927803232001,-0.18450049863959997,-0.855322254688
,P-0375,71,A,0.0,0.0,0.0,-25.523829533219363,0.0,-12.906829965306123,-0.8173695108666,-1.0031477338627999,-0.47349501617339995,-0.7502407178408,-0.1659949262928,-0.9909469443584
,P-0376,71,A,0.0,0.0,0.0,0.13314598898202262,0.0,-0.3088052414455782,-0.8129014888652999,-1.0076852776371,0.4182481613427,-0.7144436237166001,0.0350060573214,-0.9127479151536
